day,bucket,realized_makespan,GA,SBOA,dMShOA,dPSO,best_opt
2020-01-06,25,696.3,477.63,448.83500000000004,477.83000000000004,435.5083333333333,435.5083333333333
2020-01-30,15,705.2833333333333,506.35166666666663,489.7683333333333,519.7083333333333,499.50666666666666,489.7683333333333
2020-01-31,20,559.55,525.6466666666668,518.24,575.37,492.78000000000003,492.78000000000003
2020-02-13,25,633.1666666666666,548.025,548.22,555.4033333333334,538.5383333333333,538.5383333333333
2020-02-17,15,840.4166666666666,402.01000000000005,410.13666666666666,414.93999999999994,418.9416666666667,402.01000000000005
2020-03-04,30,705.1833333333333,482.01000000000005,559.1016666666667,477.27333333333337,459.06333333333333,459.06333333333333
2020-03-06,20,665.0333333333333,547.0833333333333,518.6083333333333,582.8933333333333,520.8683333333332,518.6083333333333
2020-03-18,20,550.6833333333333,474.3016666666666,442.3616666666667,483.7,427.81166666666667,427.81166666666667
2020-05-12,15,647.5,488.65,472.1616666666667,497.2416666666667,464.71999999999997,464.71999999999997
2020-05-14,15,722.5833333333334,740.7733333333333,739.6666666666667,766.8000000000001,745.6316666666668,739.6666666666667
2020-06-04,15,630.1166666666667,390.0783333333333,372.445,385.0083333333333,375.08000000000004,372.445
2020-08-20,20,523.5666666666667,555.5683333333334,534.5383333333333,548.9033333333333,520.0866666666667,520.0866666666667
2020-09-29,20,514.2833333333333,616.6066666666667,641.7983333333333,679.1216666666667,649.9783333333332,616.6066666666667
2020-09-30,20,526.1833333333333,486.075,501.8616666666667,536.825,535.3966666666668,486.075
2020-10-02,15,510.03333333333336,525.6083333333333,543.4583333333333,544.8816666666667,538.7883333333333,525.6083333333333
2020-10-08,25,519.25,511.4516666666667,492.1166666666667,572.01,486.96000000000004,486.96000000000004
2020-10-09,15,484.26666666666665,495.1183333333332,521.8516666666667,540.0016666666667,510.9266666666666,495.1183333333332
2020-10-15,30,518.25,434.2116666666667,448.3033333333334,417.40666666666664,430.3083333333334,417.40666666666664
2020-10-16,20,456.28333333333336,416.21000000000004,388.0866666666667,435.4166666666667,374.325,374.325
2020-10-26,25,496.3666666666667,448.72166666666664,451.15166666666664,450.7166666666667,419.9416666666667,419.9416666666667
2020-11-02,25,640.6166666666667,473.35,485.97833333333335,485.09499999999997,482.15,473.35
2020-11-09,25,559.4666666666667,538.03,584.645,582.7983333333334,497.1666666666667,497.1666666666667
2020-11-12,20,545.0,459.6033333333333,471.61333333333334,487.0683333333333,463.95666666666665,459.6033333333333
2020-11-16,15,531.0333333333333,584.7333333333333,583.7783333333333,568.1666666666667,562.9483333333334,562.9483333333334
2020-11-17,20,546.35,675.8016666666667,660.3833333333334,669.7183333333335,647.4216666666667,647.4216666666667
2020-12-02,25,530.15,547.5366666666666,485.9266666666666,560.845,516.795,485.9266666666666
2020-12-14,20,543.45,493.0333333333334,549.8333333333333,521.1266666666667,486.47333333333336,486.47333333333336
2020-12-15,15,527.1666666666666,397.5583333333333,405.27166666666665,426.4966666666666,409.9216666666666,397.5583333333333
2020-12-23,15,437.76666666666665,362.64666666666665,330.37,372.69666666666666,334.95,330.37
2020-12-28,15,499.6833333333333,353.25,345.54333333333335,391.99,368.8933333333333,345.54333333333335
2020-12-29,15,728.8333333333334,310.585,307.67833333333334,345.2883333333333,313.07,307.67833333333334
2021-01-04,15,534.5,487.48999999999995,488.0683333333333,501.82833333333326,491.125,487.48999999999995
2021-01-05,20,527.2666666666667,423.77333333333337,437.4116666666667,424.86,466.445,423.77333333333337
2021-01-06,20,533.7333333333333,518.0916666666667,515.975,548.7816666666666,474.06499999999994,474.06499999999994
2021-03-16,15,540.6666666666666,573.4433333333334,571.71,602.575,598.7416666666667,571.71
2021-03-24,20,516.4,411.6433333333333,433.14666666666665,471.4866666666667,412.275,411.6433333333333
2021-04-06,20,527.05,453.895,443.58000000000004,544.1583333333334,494.805,443.58000000000004
2021-04-07,20,551.15,387.54499999999996,388.085,429.32666666666665,398.36499999999995,387.54499999999996
2021-04-08,15,517.2666666666667,435.7916666666667,413.04833333333335,432.91833333333335,428.99833333333333,413.04833333333335
2021-06-09,15,507.9,409.18833333333333,411.9283333333334,426.8166666666667,387.46999999999997,387.46999999999997
2021-07-12,15,532.8,462.5283333333333,461.53000000000003,481.57666666666665,448.1116666666667,448.1116666666667
2021-07-14,25,516.8833333333333,450.40166666666664,433.8183333333333,430.09666666666664,394.5466666666667,394.5466666666667
2021-07-26,15,568.2333333333333,546.645,570.9233333333334,601.05,594.245,546.645
2021-07-29,15,576.3833333333333,492.34833333333324,506.2533333333333,507.97666666666663,502.21833333333336,492.34833333333324
2021-08-06,15,429.8666666666667,423.31166666666667,421.73,491.43666666666667,434.7116666666667,421.73
2021-08-10,20,572.1166666666667,549.6066666666667,547.6283333333333,578.1083333333333,511.93666666666667,511.93666666666667
2021-09-02,15,597.35,552.8166666666667,575.175,519.9433333333334,539.87,519.9433333333334
2021-09-23,15,631.8833333333333,508.09333333333336,493.1083333333333,507.72666666666663,495.29499999999996,493.1083333333333
2021-09-27,15,594.8,582.1783333333334,573.8283333333334,584.9183333333333,553.695,553.695
2021-10-04,20,624.9166666666666,378.70166666666665,391.0,368.49333333333334,326.43,326.43
2021-10-07,20,492.56666666666666,450.6583333333333,476.96833333333336,486.85333333333335,459.41999999999996,450.6583333333333
2021-10-13,25,535.7166666666667,574.1383333333333,577.845,566.1616666666666,529.0316666666665,529.0316666666665
2021-10-18,15,513.15,437.3783333333334,443.495,464.42333333333335,478.77666666666664,437.3783333333334
2021-10-25,20,738.3833333333333,701.8733333333333,738.8816666666667,687.8933333333333,666.255,666.255
2021-11-02,20,664.9333333333333,705.39,731.8216666666666,747.74,699.87,699.87
2021-11-08,25,713.9333333333333,612.7283333333332,610.1016666666667,564.0766666666666,565.265,564.0766666666666
2021-11-10,30,665.8,650.42,648.4716666666666,637.1383333333333,569.1666666666666,569.1666666666666
2021-11-16,25,682.3666666666667,597.1933333333334,575.0833333333333,605.335,554.6116666666667,554.6116666666667
2021-11-24,30,697.3833333333333,518.6583333333333,518.755,488.8583333333333,495.13666666666666,488.8583333333333
2021-12-03,25,706.0666666666667,685.7016666666666,669.4383333333333,670.4966666666667,646.34,646.34
2021-12-10,20,590.9166666666666,484.9483333333334,507.06000000000006,531.8266666666666,474.68,474.68
2021-12-14,20,750.95,600.7683333333333,643.8933333333333,650.1683333333333,615.5716666666667,600.7683333333333
2021-12-15,25,765.7833333333333,522.7733333333333,531.5616666666667,545.5766666666666,534.3083333333333,522.7733333333333
2021-12-17,25,459.3,508.7133333333333,503.3366666666667,546.1883333333333,450.6833333333333,450.6833333333333
2021-12-20,15,620.3166666666667,500.2583333333334,488.26166666666666,502.81000000000006,468.16833333333335,468.16833333333335
2021-12-21,20,693.0,517.0933333333334,561.745,558.735,477.2666666666667,477.2666666666667
2021-12-27,15,542.15,411.13833333333343,396.0183333333333,418.4966666666667,396.0766666666667,396.0183333333333
2021-12-30,30,547.2333333333333,626.7816666666666,572.28,579.95,575.6916666666667,572.28
2022-01-05,25,665.3333333333334,637.105,646.1816666666666,627.5983333333334,588.27,588.27
2022-01-19,30,674.2333333333333,698.0899999999999,622.3866666666667,644.5833333333334,611.7816666666666,611.7816666666666
2022-03-09,20,607.0333333333333,511.4599999999999,528.1166666666667,534.6633333333333,492.5683333333333,492.5683333333333
2022-03-16,30,696.8,702.0666666666666,689.9233333333334,732.6566666666666,726.5633333333333,689.9233333333334
2022-04-07,30,695.0,682.3733333333332,601.2733333333333,638.8716666666667,623.1233333333333,601.2733333333333
2022-04-08,20,596.1833333333333,533.0350000000001,534.6683333333333,516.3066666666666,504.9633333333333,504.9633333333333
2022-04-13,30,554.05,650.245,634.3333333333333,636.155,598.7916666666666,598.7916666666666
2022-04-22,15,518.3333333333334,437.6616666666667,480.4316666666667,493.5216666666667,424.3383333333333,424.3383333333333
2022-05-03,25,515.7833333333333,503.1816666666667,529.3916666666667,544.2700000000001,463.84333333333336,463.84333333333336
2022-05-10,30,713.1166666666667,669.7616666666667,672.0816666666667,669.065,648.5766666666666,648.5766666666666
2022-06-10,20,676.1833333333333,438.2883333333333,451.13499999999993,457.0133333333333,422.8833333333333,422.8833333333333
2022-06-13,20,619.85,676.7466666666667,696.0033333333333,722.8149999999999,649.5483333333334,649.5483333333334
2022-06-15,25,623.65,588.3833333333333,595.75,613.5600000000001,568.9883333333333,568.9883333333333
2022-07-13,15,686.65,604.645,588.5533333333333,605.575,579.4916666666666,579.4916666666666
2022-08-05,30,669.3833333333333,526.9716666666666,525.2383333333333,551.4583333333333,509.735,509.735
2022-08-08,30,708.7666666666667,627.5533333333333,556.7483333333333,597.1266666666667,549.605,549.605
2022-09-20,20,541.65,477.985,511.3616666666667,501.08000000000004,461.3666666666666,461.3666666666666
2022-10-04,25,710.9,603.27,601.745,582.6716666666666,543.3983333333333,543.3983333333333
2022-10-05,30,698.7333333333333,674.8966666666666,683.3133333333333,678.325,632.2433333333333,632.2433333333333
2022-10-07,30,691.9333333333333,616.68,584.7516666666667,579.745,541.4983333333333,541.4983333333333
2022-10-11,25,584.95,591.9766666666667,588.6716666666666,642.0433333333333,579.02,579.02
2022-10-17,30,719.9666666666667,614.7483333333333,604.5899999999999,592.735,609.6533333333333,592.735
2022-10-27,30,759.5,873.1983333333334,873.805,929.9716666666667,857.4433333333333,857.4433333333333
2022-11-08,25,700.7666666666667,598.7533333333333,591.2783333333333,618.5583333333333,579.72,579.72
2022-11-09,30,697.4333333333333,690.0083333333333,703.7516666666667,736.3583333333333,695.7333333333333,690.0083333333333
2022-11-11,30,755.6166666666667,729.1283333333333,674.2066666666667,698.0166666666667,621.5633333333333,621.5633333333333
2022-11-22,25,817.4166666666666,737.9583333333333,700.635,803.275,749.3566666666667,700.635
2022-11-28,20,637.4,534.9300000000001,532.5833333333333,535.8083333333333,525.3283333333333,525.3283333333333
2022-12-15,30,799.05,670.7866666666666,601.615,661.5183333333333,647.5433333333333,601.615
2022-12-19,25,658.3333333333334,713.1233333333333,689.2783333333333,658.5550000000001,608.0516666666666,608.0516666666666
2023-01-17,20,622.0666666666667,612.145,633.0849999999999,670.0933333333334,629.65,612.145
2023-01-26,25,703.1333333333333,623.2916666666666,593.54,618.1666666666667,548.2166666666667,548.2166666666667
2023-01-31,30,704.0,564.3533333333332,538.37,581.9616666666667,534.25,534.25
2023-02-15,25,646.55,546.3116666666667,583.03,567.7016666666666,545.4283333333334,545.4283333333334
2023-02-17,25,751.55,707.2083333333333,660.9783333333332,709.825,667.135,660.9783333333332
2023-02-20,25,664.8,603.7483333333333,545.5699999999999,589.8116666666667,563.835,545.5699999999999
2023-02-27,30,693.9166666666666,608.5566666666666,569.6666666666666,547.2133333333334,586.665,547.2133333333334
2023-03-31,30,688.0833333333334,616.5699999999999,639.0983333333334,679.1949999999999,582.99,582.99
2023-04-15,15,341.18333333333334,259.5733333333334,249.11166666666662,265.01666666666665,251.675,249.11166666666662
2023-05-09,30,737.65,651.15,676.9383333333333,632.8916666666667,614.9683333333334,614.9683333333334
2023-06-01,30,581.45,594.3316666666667,598.71,603.5383333333333,569.1366666666667,569.1366666666667
2023-06-12,25,776.85,818.5166666666667,822.82,849.6033333333332,858.9933333333335,818.5166666666667
2023-06-20,25,629.9833333333333,616.9233333333334,625.2566666666667,608.0016666666667,588.7733333333333,588.7733333333333
2023-07-04,30,653.7333333333333,725.0733333333334,705.9183333333333,710.6866666666667,681.5166666666667,681.5166666666667
2023-07-25,30,810.2833333333333,890.8233333333334,905.1233333333333,955.2916666666666,893.1066666666666,890.8233333333334
2023-09-30,15,457.76666666666665,284.25,284.25,284.25,284.25,284.25
2023-11-07,30,779.7833333333333,681.6433333333333,688.5883333333334,725.6450000000001,637.01,637.01
2023-11-13,30,792.0166666666667,702.54,665.48,696.2566666666667,665.2333333333333,665.2333333333333
2023-11-18,25,561.4666666666667,426.6166666666666,379.9316666666667,417.03166666666664,406.9366666666666,379.9316666666667
2023-12-08,30,391.0,381.38166666666666,347.5516666666667,374.30333333333334,331.685,331.685
2023-12-22,25,685.9333333333333,582.835,569.7533333333333,573.2066666666667,549.3883333333334,549.3883333333334
2023-12-28,30,695.4333333333333,648.7766666666666,611.64,660.9016666666666,574.025,574.025
